property_id,description,street_location,holder,spouse,transaction_date,previous_holder,next_holder,neighbours,superior,annual_rent,witnesses,source_reference,notes
P-WALK1447,Rood of Alexander Sawar,West Walkergate,Alexander Sawar,unnamed wife,1447-06-21,,Dominican prior/convent annual-rent holder,"John Ade north; William Stevenson south",,3s6d,"Thomas Wyntir; John Red; John Ade; John de Glasgu; William Oglach; William Stevenson; William Jackson; Robert Pettigrew","Liber Collegii no. 26 p.168; BL68/GUA12418","John is witness not owner"
P-FULL1455,Tenement owing annual,West Fullers Street,John Stenson,,1455-04-10,,David Cadzow annual-rent holder,"late Andrew Raburn north; Thomas Wan south",,3s,"John Macmulan; David Hyne; Andrew Brady; John de Glasgu; Robert Fausyde","Liber Collegii appendix XXV pp.262-263; BL82/GUA12430","John is witness; date conflicts with catalogue"
P-TENEW1455,Tenement owing annual,North St Thenew Street,"Mariota Dunn widow of William Kerswell",William Kerswell,1455-04-10,,David Cadzow annual-rent holder,"Matthew Stewart west; William Goldsmith east",,2s,"same as P-FULL1455","same","John is witness; not owner"
P-STIR1475,John Spalding tenement,North High Street Stirling,Master John Spalding,,1475-04-11,Robert Gelis family annual,John Hastings annual,"John Kirkwood west; late Robert Haket east",,6s,"John Lyntoun; John Glasgw; Forsithsons; Taylors; William Benny; John Auldcorn; Alexander Brade; Alexander Kirkwood; James Darow","Stirling Charters appendix I no.5 p.185","John is witness"
P-STIR1480-A,Tenement owing altar annual,Stirling,unnamed holder,,1480-03-02,Adam Cosour annual,St Anne altar annual,"Gilbert Brady west; late William Murray east",,20s,"Thomas Stewart; Andrew Morys; John Glasgw","Stirling Charters appendix II no.13 p.208","John is witness"
P-BRADY-DOW1479,Dow Well Croft and burgh roods,Stirling,"Gilbert Brady",,1479-09-25,"John Brady burgess (inheritance predecessor)",,"John Gourlay; Thomas Nairn",burgh,,"John Crag bailie","Stirling Burgh Records Appendix p.265; Stirling protocol p.239","Directly calls Gilbert grandson of John; hereditary chain, not a Glasgow property"
P-BRADY-BERK1523,Berkhous Croft south of Blackfriars orchard,Stirling,"Gilbert Brady 1523; John Brady of Easter Kennet 1531",,"1523; 1531","Gilbert Brady","John Brady of Easter Kennet","Blackfriars orchard north",burgh/church context,,,"Page & Page, Blackfriars of Stirling, PSAS 126 (1996)","Exact-property succession; strong circumstantial kinship"
P-BRADY-KENNET,Easter Kennet and neighbouring Carse/Dryfield riggs,Clackmannanshire,"Gilbert Brady 1514/15; John Brady of Easter Kennet 1534",,"1515; 1534",,"Bruce of Wester Kennet superiority","John Brydie resignation 1534","David Bruce of Wester Kennet",,,"NRS GD11/35, GD11/38, GD11/39; RSS 24 Apr 1527","Territorial succession reinforces Gilbert-to-John hypothesis; precise title chain incomplete"
P-BRADY-RUTH,Fore/back tenement garden and two adjoining rigs,South Street Rutherglen,"Mariota Hamilton; John Brady and Isabella Oswald; Malcolm Brady","late John Brady; Isabella Oswald","1538-03-24; 1542-11-23; 1543-01-08; 1543-07-16; 1543-10-30","Mariota Hamilton from late father James Hamilton","Malcolm Brady in feu","William Scott east; John Miller alias St Nicholas west","Rutherglen burgh; Nicholas Witherspoon intermediate holder","16s then 18s then 20s plus 100 Rob Hyndis pears","John Young/John Bar bailies; Nicholas Witherspoon; Stephen Brady younger; Cuthbert Brady","Liber Collegii pp.124-128","DIRECT four-generation title chain; strongest known Brady pedigree near Glasgow"
P-BRADY-KYN1528,Half acre and exchanged annualrents,Kynclaith and Glasgow,"Jonet Brady widow of Edward Scott",Edward Scott,1528-04-02,,Jonet and heirs,"Robert Smith west; John Woddrop east",,20s exchanged,"Archibald Herbertsone bailie; James Schaw; Patrick Love; Robert Brume; Thomas Blythman","Liber Collegii pp.89-90","Direct widow relationship; no connection yet to Esbell or Rutherglen household"
P-SMITH1506,Tenement owing ground annual,East High Street Cathedral to Cross,Agnes daughter/heir of Robert Watson,,1506-04-28,Robert Watson,"Sir Allan Smith and John de Glasgow alias Smith annual","Sir John Finnyson and Sir Allan Smith on north",,4s,,"Blackhouse BL204/GUA16403","catalogue only"
P-RYGLAS,Fore tenement/Glasgow parcel,West Market Cross to South Port,"John Glasgow (1527); William Glasgow (by 20 Feb 1528/29); John son/heir of William (1564)",,1527-05-02,,William Craig 1564,"James/Robert Young or late John Crownar north; John Rankin south; street east; Glasgow back tenement west in 1564",,"4s annual in Houston foundation charged to John 1527 and late William by 1542","1527 Robert Anderson William Adam John Craig John Good; 1528/29 Richard Otterburn George Rob Finlay Makculloch Thomas Fleming Henry Makandoy; 1535 Rankin witnesses; 1564 protocol witnesses","Liber Collegii pp.85-86 90-91 36 and 114-115; Town Clerks nos.1201 1233 805 810","STRONG same-parcel/title chain; missing John-to-William transfer and kin formula"
P-HENRY1528,"Tenement, small garden and large rear garden/orchard",West Cross-to-South-Port block,"Malcolm Henryson alias Makandoy; sold to James Houston",,1529-02-20,"late David Henryson alias Makandoy",James Houston,"William Glasgow north; Andrew Craig south; New Church BVM/St Anne west; Thomas Adam north rear; Jonet Nutishill south rear",Our Lady/St Anne collegiate network,,"Richard Otterburn; George Rob; Finlay Makculloch; Thomas Fleming; Henry Makandoy alias Henryson","Liber Collegii pp.90-91; contents explicitly 20 Feb 1528-9","Same subject as later Rankin parcel; proves William on northern parcel by this date"
P-WILLRENT1542,"Tenement of late William Glasgow owing 4s annual",West side of same Cross-to-South-Port street,late William Glasgow,,"1542-06-03; transumed 1549-01-08",,William's family title continues,"late John Crownar north; John Rankin south",St Andrew prebend in James Houston's collegiate foundation,4s,,"Liber Collegii St Andrew prebend p.36; contents fol. xij b","Directly identifies 1534 Crownar-Rankin tenement as William's; STRONG same annual/title as John 1527"
P-RANKIN,Rankin waste tenement and yard,West Cross to Nether Barresyet,"John Rankin then Bartholomew Rankin",Helen Leis then Janet Swan,"1535-02-17; 1553-10-21",James Houston,Bartholomew Rankin,"Glasgow north; Andrew Craig south; Our Lady land west",Our Lady Kirk foundation,"2 merks to Our Lady Kirk; 4s to Blackfriars","Sir Andrew Walker; Sir James Schaw; William Adam; Patrick Anderson; John Craig; John Croket; John Walker","Town Clerks no.1201; Hegait no.167","critical southern boundary control"
P-YOUNG,James/Robert Young place,Immediately north of Glasgow parcel,"James Young then Robert Young baker",,"1527; 1536; 1563; 1571",James Young,"Robert Young then son James Young","Glasgow south; Robert/John Cochran north",,20s annual in Robert Smith heir service,"1536 George Burrell David Lindsay Herbertsons Archibald Robison John Walker John Waulderston William Gardiner; 1563 Robert Young witnesses Glasgow conveyance","Town Clerks nos.1233 748 1788; Rental Book p.160; Hegait no.207","STRONG northern-parcel chain; Robert was eldest son of Besse Crownar and spouse of Margaret Arbuckle; exact James-to-Robert title instrument missing"
P-BACK1534,Back tenement with access through fore part,West Market Cross to South Gate,"William Glasgow and Esbell Brade; John Glasgow senior and Janet Spreull; John Glasgow junior","Esbell Brade; Janet Spreull; Eufame Craig liferenter",1534-12-31,"William and Esbell","John junior in fee 1563; John elder buys liferent 1564","1534 late John Crownar north and Our Lady land south; 1563/64 Robert Young north late John Rankin south St Mary west fore tenement east",St Mary/Our Lady collegiate church land,,"1534 William Anderson John Croket unnamed Spreull John Walker John Waulderston; 1563 Robert Young David Landes James Craig Robert Tennend Robert Burn; 1564 David Lindsay Gilbert Craig William Young James Anderson","Town Clerks nos.1196 748 809","STRONG circumstantial rear component of P-RYGLAS; fee/liferent layered; leading reconstruction makes Eufame the older John's widow"
P-CRAIG1566,Fore tenement formerly inherited by John Glasgow,West Cross-to-South-Port,"William Craig; then son Archibald Craig and Margaret Smith",Margaret Smith,1566-02-05,William Craig,Archibald Craig and Margaret Smith,"late John Rankin south; Robert Young north; John Glasgow back west; street east",,,"John Hall; David Wylie; Allan Stevenson; William Young","Town Clerks vol. III no.860 p.77-78","Forward confirmation of exact fore/back split"
P-BRADY-KYN1564,Half-acre inherited from late Jonet Bradye,Kinclaith Glasgow,Thomas Mure,Marion Crawford,1564-06-09,Jonet Bradye,Thomas Mure,"William Hall west; late John Woddrop east",,,,"Town Clerks vol. III no.795 p.54","DIRECT mother-son inheritance; STRONG same parcel/woman as P-BRADY-KYN1528 by area locality and unchanged eastern boundary"
P-BRADY-GARNGAD,Half-acre inherited from late Ninian Bradie,Garngad Glasgow,James Bradie,,1587-01-24,Ninian Bradie,James Rob in Dalsholm,"Charles Wilson east; James Neilson west; public passages north and south",,,,"Town Clerks vol. IX no.2960 p.125","DIRECT father-son inheritance; James immediately transferred parcel onward"
